Model,Target,MSE,RMSE,MAE,R²,MAPE (%),Explained_Variance
Linear Regression,E_field,0.8964182094489297,0.9467936467092128,0.36339474889090484,0.38645376364031747,162.14840681422737,0.3873686917152903
Linear Regression,H_field,0.42307156721873584,0.6504395184940225,0.4474675243564338,0.6175697514242896,392.6409083007683,0.6175771635889995
