Model,Target,MSE,RMSE,MAE,R²,MAPE (%),Explained_Variance
Random Forest,E_field,0.04111473496306265,0.2027676871768839,0.06000513198274855,0.9718593502121957,29.362659036093643,0.9719414336838725
Random Forest,H_field,0.015102197788095583,0.1228909996220048,0.05979800260024728,0.9863485573088515,44.0514494819338,0.9863503768775297
